subtitle_filename,cleaned_name,matched_title,score
2017_Logan,2017_Logan,Logan,100.0
1979_10,1979_10,10,100.0
1983_Tootsie,1983_Tootsie,Tootsie,100.0
2017_It,2017_It,It,100.0
1981_Excalibur,1981_Excalibur,Excalibur,100.0
1986_Top Gun,1986_Top Gun,Top Gun,100.0
1996_Ransom_EN,1996_Ransom,Ransom,100.0
1996_The First Wives Club,1996_The First Wives Club,The First Wives Club,100.0
1980_Stir Crazy,1980_Stir Crazy,Stir Crazy,100.0
2016_Deadpool,2016_Deadpool,Deadpool,100.0
2004_Shark Tale.en,2004_Shark Tale,Shark Tale,100.0
1998_Godzilla,1998_Godzilla,Godzilla,100.0
2018_Deadpool 2,2018_Deadpool 2,Deadpool 2,100.0
2020_1917,2020_1917,1917,100.0
1990_Driving Miss Daisy,1990_Driving Miss Daisy,Driving Miss Daisy,100.0
1985_Witness,1985_Witness,Witness,100.0
1985_Rocky IV,1985_Rocky IV,Rocky IV,100.0
2015_Jurassic World,2015_Jurassic World,Jurassic World,100.0
1997_Liar Liar,1997_Liar Liar,Liar Liar,100.0
1979_Rocky II,1979_Rocky II,Rocky II,100.0
1995_Toy Story,1995_Toy Story,Toy Story,100.0
1988_Cocktail_Eng,1988_Cocktail,Cocktail,100.0
1990_Ghost,1990_Ghost,Ghost,100.0
2007_300.eng,2007_300,300,100.0
2001_Shrek,2001_Shrek,Shrek,100.0
1995_Waterworld.en,1995_Waterworld,Waterworld,100.0
1978_Grease,1978_Grease,Grease,100.0
2011_Thor,2011_Thor,Thor,100.0
2013_Monsters University,2013_Monsters University,Monsters University,100.0
1982_Rocky III,1982_Rocky III,Rocky III,100.0
1992_Home Alone 2_ Lost in New York,1992_Home Alone 2 Lost in New York,Home Alone 2: Lost in New York,98.30508474576273
2022_Jurassic World_ Dominion,2022_Jurassic World Dominion,Jurassic World: Dominion,97.87234042553192
1988_Good Morning Vietnam,1988_Good Morning Vietnam,"Good Morning, Vietnam",97.5609756097561
1979_Star Trek - The Motion Picture,1979_Star Trek - The Motion Picture,Star Trek: The Motion Picture,94.91525423728814
1999_Star Wars Episode I The Phantom Menace eng,1999_Star Wars Episode I The Phantom Mace,Star Wars: Episode I - The Phantom Menace,93.5064935064935
2014_The.Hunger.Games.Mockingjay.Part.1.2014.720p.BluRay.x264-SPARKS,2014_The Hunger Games Mockingjay Part 1 2014 -,The Hunger Games: Mockingjay - Part 1,92.3076923076923
1982_Porkys,1982_Porkys,Porky's,92.3076923076923
2015_The.Hunger.Games.Mockingjay.Part.2.2015.720p.BluRay.x264-SPARKS,2015_The Hunger Games Mockingjay Part 2 2015 -,The Hunger Games: Mockingjay - Part 2,92.3076923076923
1998_Rush Hour 1,1998_Rush Hour 1,Rush Hour,90.0
2023_Oppenheimer,2023_Oppheimer,Oppenheimer,90.0
1996_101_dalmatians-en,1996_101 dalmatians-,101 Dalmatians,89.65517241379311
2014_Dawn.of.the.Planet.of.the.Apes.2014.1080p.BluRay.x264-SPARKS,2014_Dawn of the Planet of the Apes 2014 -,Dawn of the Planet of the Apes,89.55223880597015
1992_The Hand That Rocks the Cradle [1992],1992_The Hand That Rocks the Cradle [1992],The Hand That Rocks the Cradle,89.55223880597015
2014_Captain.America.The.Winter.Soldier.2014.720p.BluRay.x264-SPARKS,2014_Captain America The Winter Soldier 2014 -,Captain America: The Winter Soldier,89.47368421052632
2012_The.Hobbit.An.Unexpected.Journey.2012.720p.BluRay.x264-SPARKS.eng,2012_The Hobbit An Unexpected Journey 2012 -,The Hobbit: An Unexpected Journey,88.88888888888889
1999_The Blair Witch Project.DVDRip.Occor,1999_The Blair Witch Project Occor,The Blair Witch Project,88.46153846153845
2011_The.Twilight.Saga.Breaking.Dawn.Part.1.2011.720p.BluRay.x264-SPARKS English,2011_The Twilight Saga Breaking Dawn Part 1 2011 - lish,The Twilight Saga: Breaking Dawn - Part 1,87.91208791208791
2017_Guardians.of.the.Galaxy.Vol.2.2017.720p.BluRay.x264-SPARKS,2017_Guardians of the Galaxy Vol 2 2017 -,Guardians of the Galaxy Vol. 2,87.87878787878788
2002_Star.Wars.Episode.II.Attack.of.the.Clones.(2002).DVDRip.XviD-UnSeeN,2002_Star Wars Episode II Attack of the Clones (2002) -UnSe,Star Wars: Episode II - Attack of the Clones,87.75510204081633
2010_The.Twilight.Saga.Eclipse.720p.Bluray.x264-CBGB.eng,2010_The Twilight Saga Eclipse -CBGB,The Twilight Saga: Eclipse,87.71929824561404
2013_Oz.the.Great.and.Powerful.2013.720p.BluRay.x264-SPARKS,2013_Oz the Great and Powerful 2013 -,Oz the Great and Powerful,87.71929824561404
2016_The.Secret.Life.of.Pets.2016.720p.BluRay.x264-SPARKS,2016_The Secret Life of Pets 2016 -,The Secret Life of Pets,86.79245283018868
2017_The.Fate.of.the.Furious.2017.720p.BluRay.x264-SPARKS,2017_The Fate of the Furious 2017 -,The Fate of the Furious,86.79245283018868
1989_Look_Who_Is_Talking_Eng,1989_Look Who Is Talking,Look Who's Talking,86.48648648648648
1986_The. Karate. Kid. Part. II. 1986. 1080p. BluRay. x264-LCHD. ENG,1986_The Karate Kid Part II 1986 -,The Karate Kid Part II,86.27450980392157
2007_Harry.Potter.and.the.Order.of.the.Phoenix.2007.720p.BluRay.DTS.x264-ESiR.ENG,2007_Harry Potter and the Order of the Phoix 2007 -ESiR,Harry Potter and the Order of the Phoenix,85.71428571428572
2011_Rise.of.the.Planet.of.the.Apes.2011.BluRay.1080p.DTS.x264-CHD,2011_Rise of the Planet of the Apes 2011 -CHD,Rise of the Planet of the Apes,85.71428571428572
2012_The.Dark.Knight.Rises.2012.720p.BluRay.x264-SPARKS,2012_The Dark Knight Rises 2012 -,The Dark Knight Rises,85.71428571428572
2020_Birds.of.Prey.And.the.Fantabulous.Emancipation.of.One.Harley.Quinn.2020.HC.720p.HDRip.800M,2020_Birds of Prey And the Fantabulous Emancipation of One Harley Quinn 2020 HC 800M,Birds of Prey and the Fantabulous Emancipation of One Harley Quinn,85.51724137931033
2019_Star.Wars.Episode.IX.The.Rise.of.Skywalker.2020.BDRip.XviD.AC3-EVO,2019_Star Wars Episode IX The Rise of Skywalker 2020 BDRip -EVO,Star Wars: Episode IX - The Rise of Skywalker,85.4368932038835
1986_Ferris.Buellers.Day.Off.1986.1080p.BluRay.x264-CiNEFiLE.ENG,1986_Ferris Buellers Day Off 1986 -,Ferris Bueller's Day Off,85.18518518518519
1977_Saturday.Night.Fever.1977.720p.BluRay.x264-CiNEFiLE.ENG,1977_Saturday Night Fever 1977 -,Saturday Night Fever,85.1063829787234
2017_Beauty.and.the.Beast.2017.720p.BluRay.x264-SPARKS,2017_Beauty and the Beast 2017 -,Beauty and the Beast,85.1063829787234
1987_Beverly.Hills.Cop.II.1987.720p.BluRay.x264.DTS-WiKi.eng,1987_Beverly Hills Cop II 1987 -,Beverly Hills Cop II,85.1063829787234
1989_Honey.I.Shrunk.The.Kids.1989.DVDRip.XviD.ENG,1989_Honey I Shrunk The Kids 1989,"Honey, I Shrunk the Kids",84.6153846153846
1977_Star.Wars.Episode.IV.A.New.Hope.(1977).DVDRip.XviD-UnSeeN,1977_Star Wars Episode IV A New Hope (1977) -UnSe,Star Wars: Episode IV - A New Hope,84.6153846153846
2005_Star.Wars.Episode.III.Revenge.of.the.Sith.(2005).DVDRip.XviD-UnSeeN,2005_Star Wars Episode III Reve of the Sith (2005) -UnSe,Star Wars: Episode III - Revenge of the Sith,84.2105263157895
1987_Stakeout (ENG),1987_Stakeout (),Stakeout,84.2105263157895
2017_Spider-Man.Homecoming.2017.720p.BluRay.x264-SPARKS,2017_Spider-Man Homecoming 2017 -,Spider-Man: Homecoming,84.0
2015_Star.Wars.Episode.VII.The.Force.Awakens.2015.720p.BluRay.x264-Replica,2015_Star Wars Episode VII The Force Awaks 2015 -Replica,Star Wars: Episode VII - The Force Awakens,83.8709677419355
2014_Transformers.Age.of.Extinction.2014.720p.BluRay.x264-BLOW,2014_Transformers Age of Extinction 2014 -BLOW,Transformers: Age of Extinction,83.3333333333333
1978_Every.Which.Way.But.Loose.1978.1080p.BluRay.x264-aAF.ENG,1978_Every Which Way But Loose 1978 -aAF,Every Which Way But Loose,83.3333333333333
1981_the cannonball run eng bluray,1981_the cannonball run,The Cannonball Run,83.3333333333333
1982_The Best Little Whorehouse In Texas - 1982,1982_The Best Little Whorehouse In Texas - 1982,The Best Little Whorehouse in Texas,83.1168831168831
1977_The Turning Point 1977 720p BRRip x264-PLAYNOW,1977_The Turning Point 1977 -,The Turning Point,82.9268292682927
1984_Beverly.Hills.Cop.1984.720p.BluRay.x264.DTS-WiKi.eng,1984_Beverly Hills Cop 1984 -,Beverly Hills Cop,82.9268292682927
2002_My.Big.Fat.Greek.Wedding.2002.DVDRip.XviD.AR - ENG,2002_My Big Fat Greek Wedding 2002 AR -,My Big Fat Greek Wedding,82.7586206896552
1994_Interview.with.the.Vampire.2008.720p.BluRay.x264-ESiR.ENG,1994_Interview with the Vampire 2008 -ESiR,Interview with the Vampire,82.5396825396825
2005_Charlie.and.the.Chocolate.Factory.2005.BluRay.1080p.DTS.x264.dxva-wsp.ENG,2005_Charlie and the Chocolate Factory 2005 dxva-wsp,Charlie and the Chocolate Factory,82.5
1979_Apocalypse Now Redux.en,1979_Apocalypse Now Redux,Apocalypse Now,82.3529411764706
2003_Pirates.of.the.Caribbean.The.Curse.of.the.Black.Pearl.Remastered.2003.720p.BluRay.DTSx264-ESiR.eng,2003_Pirates of the Caribbean The Curse of the Black Pearl Remastered 2003 -ESiR,Pirates of the Caribbean: The Curse of the Black Pearl,82.1705426356589
2014_Guardians.of.the.Galaxy.2014.DVDRip.X264.AC3.5.1-PLAYNOW,2014_Guardians of the Galaxy 2014 5 1-,Guardians of the Galaxy,82.1428571428571
2002_Harry.Potter.and.the.Chamber.of.Secrets.2002.720p.HDDVD.DTS.x264-ESiR.ENG,2002_Harry Potter and the Chamber of Secrets 2002 HDDVD -ESiR,Harry Potter and the Chamber of Secrets,82.1052631578947
2009_Harry.Potter.and.the.Half.Blood.Prince.2009.720p.BluRay.DTS.x264-WiKi.eng,2009_Harry Potter and the Half Blood Prince 2009 -,Harry Potter and the Half-Blood Prince,81.9277108433735
2012_The.Twilight.Saga.Breaking.Dawn.Part.2.2012.NEW.TS.XviD.AC3-ADTRG,2012_The Twilight Saga Breaking Dawn Part 2 2012 NEW TS -ADTRG,The Twilight Saga: Breaking Dawn - Part 2,81.6326530612245
2006_Ice.Age.2.The.Meltdown.1080p.BluRay.DTS.x264-ESiR.ENG,2006_Ice Age 2 The Meltdown -ESiR,Ice Age: The Meltdown,81.6326530612245
2016_Batman.v.Superman.Dawn.of.Justice.2016.EXTENDED.720p.BluRay.x264-SPARKS,2016_Batman v Superman Dawn of Justice 2016 EXTDED -,Batman v Superman: Dawn of Justice,81.4814814814815
2014_The.Amazing.Spider-Man.2.2014.720p.BluRay.x264-BLOW,2014_The Amazing Spider-Man 2 2014 -BLOW,The Amazing Spider-Man 2,81.3559322033898
2001_The.Lord.of.the.Rings.The.Fellowship.of.the.Ring.Extended.Editions.2001.1080p.BluRay.x264.,2001_The Lord of the Rings The Fellowship of the Ring Extded Editions 2001,The Lord of the Rings: The Fellowship of the Ring,81.3559322033898
2011_Captain.America.The.First.Avenger.2011.BluRay.720p.DTS.x264-CHD.eng,2011_Captain America The First Aver 2011 -CHD,Captain America: The First Avenger,81.0810810810811
2015_American.Sniper.2014.720p.BluRay.x264-SPARKS,2015_American Sniper 2014 -,American Sniper,81.0810810810811
1988_Who.Framed.Roger.Rabbit.1988.720p.BluRay.x264-HD4U,1988_Who Framed Roger Rabbit 1988 -HD4U,Who Framed Roger Rabbit,80.7017543859649
2005_Harry.Potter.and.the.Goblet.of.Fire.2005.720p.HDDVD.DTS.x264-ESiR.ENG,2005_Harry Potter and the Goblet of Fire 2005 HDDVD -ESiR,Harry Potter and the Goblet of Fire,80.4597701149425
2009_The.Hangover.DVDRip.XviD-DoNE,2009_The Hangover -DoNE,The Hangover,80.0
1984_The.Karate.Kid.1984.1080p.BluRay.x264-CiNEFiLE.ENG,1984_The Karate Kid 1984 -,The Karate Kid,80.0
2011_The. Hangover. Part. II. 2011. 720p. BrRip. x264. YIFY,2011_The Hangover Part II 2011 YIFY,The Hangover Part II,80.0
1986_Back to School (1986).ENG,1986_Back to School (1986),Back to School,80.0
1992_Batman.Returns.1992.1080p.BluRay.x264-CiNEFiLE.ENG,1992_Batman Returns 1992 -,Batman Returns,80.0
2018_Solo.A.Star.Wars.Story.2018.720p.BluRay.x264.DTS-HDC,2018_Solo A Star Wars Story 2018 -HDC,Solo: A Star Wars Story,80.0
2020_The Call of the Wild.2020.HDRip.XviD.AC3-EVO,2020_The Call of the Wild 2020 -EVO,The Call of the Wild,80.0
2004_The.Day.After.Tomorrow.2004.1080p.BluRay.x264-MUVI.eng,2004_The Day After Tomorrow 2004 -MUVI,The Day After Tomorrow,80.0
2018_Black.Panther.2018.720p.BluRay.x264-SPARKS,2018_Black Panther 2018 -,Black Panther,78.7878787878788
1989_Back.to.the.Future.Part.II.1989.720p.BluRay.X264-AMIABLE,1989_Back to the Future Part II 1989 -AMIABLE,Back to the Future Part II,78.7878787878788
2021_Venom.Let.There.Be.Carnage.2021.HDRip.XviD.AC3-EVO,2021_Vom Let There Be Carnage 2021 -EVO,Venom: Let There Be Carnage,78.6885245901639
1991_The.Naked.Gun.2.1.2.The.Smell.of.Fear.1991.BluRay.720p.DTS.x264-beAst.eng,1991_The Naked Gun 2 1 2 The Smell of Fear 1991 -beAst,The Naked Gun 2Â½: The Smell of Fear,78.5714285714286
2004_The.Bourne.Supremacy.2004.720p.BluRay.DTS.x264-ESiR,2004_The Bourne Supremacy 2004 -ESiR,The Bourne Supremacy,78.4313725490196
2002_Austin.Powers.in.Goldmember.2002.720p.BluRay.x264-REVEiLLE.ENG,2002_Austin Powers in Goldmember 2002 -REVEiLLE,Austin Powers in Goldmember,78.2608695652174
1991_Robin Hood.Prince Of Thieves-DVDRip[Eng]1991,1991_Robin Hood Prince Of Thieves-[]1991,Robin Hood: Prince of Thieves,78.125
2013_Star.Trek.Into.Darkness.2013.BluRay.720p.x264-HDWinG,2013_Star Trek Into Darkness 2013 -HDWinG,Star Trek Into Darkness,77.9661016949153
1985_Police.Academy.2.Their.First.Assignment.1985.720p.BluRay.FLAC.x264-CtrlHD,1985_Police Academy 2 Their First Assignmt 1985 FLAC -CtrlHD,Police Academy 2: Their First Assignment,77.8947368421053
2002_Ice Age.English,2002_Ice Agelish,Ice Age,77.7777777777778
2000_Mission.Impossible.II.2000.720p.BluRay.DTS.x264-ESiR.ENG,2000_Mission Impossible II 2000 -ESiR,Mission: Impossible II,77.7777777777778
1977_Looking.For.Mr.Goodbar.ENG.PAL.en,1977_Looking For Mr Goodbar PAL,Looking for Mr. Goodbar,77.5510204081633
1984_Romancing.the.Stone.1984.720p.BluRay.x264-ESiR.ENG,1984_Romancing the Stone 1984 -ESiR,Romancing the Stone,77.5510204081633
2015_Avengers.Age.of.Ultron.2015.720p.BluRay.x264-SPARKS,2015_Avers Age of Ultron 2015 -,Avengers: Age of Ultron,77.5510204081633
2008_Indiana.Jones.And.The.Kingdom.Of.The.Crystal.Skull[2008]DvDrip-aXXo.en,2008_Indiana Jones And The Kingdom Of The Crystal Skull[2008]-aXXo,Indiana Jones and the Kingdom of the Crystal Skull,77.4774774774775
2022_Doctor.Strange.in.the.Multiverse.of.Madness.2022.1080p.WEB-DL.DDP5.1.Atmos.H.264,2022_Doctor Strange in the Multiverse of Madness 2022 WEB-DL DDP5 1 H 264,Doctor Strange in the Multiverse of Madness,77.4774774774775
1987_The.Secret.of.My.Success.1987.720p.BluRay.X264-AMIABLE,1987_The Secret of My Success 1987 -AMIABLE,The Secret of My Success,77.4193548387097
2017_Wonder.Woman.2017.720p.BluRay.x264-SPARKS,2017_Wonder Woman 2017 -,Wonder Woman,77.4193548387097
1984_Indiana Jones and the Temple of Doom 1984 1080p Blu-ray AVC DTS-HD,1984_Indiana Jones and the Temple of Doom 1984 Blu-ray AVC -HD,Indiana Jones and the Temple of Doom,77.4193548387097
2020_Bad.Boys.for.Life.2020.1080p.HDRip.X264.AC3-EVO,2020_Bad Boys for Life 2020 -EVO,Bad Boys for Life,77.2727272727273
2020_The.Invisible.Man.2020.HDRip.XviD.AC3-EVO,2020_The Invisible Man 2020 -EVO,The Invisible Man,77.2727272727273
2016_Captain.America.Civil.War.2016.720p.BluRay.X264-AMIABLE,2016_Captain America Civil War 2016 -AMIABLE,Captain America: Civil War,76.9230769230769
1997_George Of The Jungle (1997).en,1997_George Of The Jungle (1997),George of the Jungle,76.5957446808511
2002_A.Beautiful.Mind.2001.BluRay.720p.DTS.x264-CHD.eng,2002_A Beautiful Mind 2001 -CHD,A Beautiful Mind,76.1904761904762
1981_The Four Seasons (1981)_aw,1981_The Four Seasons (1981) aw,The Four Seasons,76.1904761904762
1981_The.Great.Muppet.Caper.1981.AE.DVDRip.XviD-Shoo.ENG,1981_The Great Muppet Caper 1981 AE -Shoo,The Great Muppet Caper,75.8620689655172
1998_Deep Impact (1998),1998_Deep Impact (1998),Deep Impact,75.8620689655172
2015_The.Martian.2015.720p.BluRay.x264-SPARKS,2015_The Martian 2015 -,The Martian,75.8620689655172
2001_Jurassic.Park.III[2001]DvDrip-aXXo,2001_Jurassic Park III[2001]-aXXo,Jurassic Park III,75.5555555555556
2017_Star.Wars.The.Last.Jedi.2017.720p.BluRay.x264-SPARKS,2017_Star Wars The Last Jedi 2017 -,Star Wars: Episode VIII - The Last Jedi,75.3623188405797
1982_An.Officer.and.a.Gentleman.1982.720p.BluRay.X264-AMIABLE,1982_An Officer and a Gtleman 1982 -AMIABLE,An Officer and a Gentleman,75.0
2008_Horton Hears a Who![2008]DvDrip AC3[Eng]-FXG,2008_Horton Hears a Who![2008] []-FXG,Horton Hears a Who!,74.5098039215686
1988_Crocodile. Dundee. II. 1988. 720p. BluRay. x264-PSYCHD,1988_Crocodile Dundee II 1988 -PSYCHD,Crocodile Dundee II,74.5098039215686
1987_The.Untouchables.1987.720p.BluRay.DTS.x264-ESiR.ENG,1987_The Untouchables 1987 -ESiR,The Untouchables,74.4186046511628
1985_Back.To.The.Future.1985.720p.BluRay.x264.DTS-WiKi.eng,1985_Back To The Future 1985 -,Back to the Future,74.4186046511628
2022_Black.Panther.Wakanda.Forever.2022.1080p.BluRay.x264.DTS-HD.MA.7.1-MT,2022_Black Panther Wakanda Forever 2022 -HD MA 7 1-MT,Black Panther: Wakanda Forever,74.3589743589744
2013_Iron.Man.3.2013.720p.BluRay.x264-SPARKS,2013_Iron Man 3 2013 -,Iron Man 3,74.0740740740741
2015_Cinderella. 2015. 720p. BluRay. x264-SPARKS,2015_Cinderella 2015 -,Cinderella,74.0740740740741
1995_Pocahontas.1995.720p.BluRay.x264.DTS-WiKi.eng,1995_Pocahontas 1995 -,Pocahontas,74.0740740740741
2014_Big.Hero.6.2014.720p.BluRay.x264-SPARKS,2014_Big Hero 6 2014 -,Big Hero 6,74.0740740740741
2019_It.Chapter.Two.2019.HDRip.XviD.AC3-EVO,2019_It Chapter Two 2019 -EVO,It Chapter Two,73.6842105263158
2009_The.Blind.Side.2009.720p.BluRay.x264.YIFY.eng,2009_The Blind Side 2009 YIFY,The Blind Side,73.6842105263158
1987_Three Men and a Baby_(1987)_CtB,1987_Three M and a Baby (1987) CtB,Three Men and a Baby,73.469387755102
2001_Planet.of.the.Apes.2001.BluRay.720p.x264.DTS-MySiLU.eng,2001_Planet of the Apes 2001 -MySiLU,Planet of the Apes,73.469387755102
2006_Pirates.of.the.Caribbean.Dead.Mans.Chest.2006.DIRFIX.DVD9.720p.BluRay.x264-REVEiLLE.eng,2006_Pirates of the Caribbean Dead Mans Chest 2006 DIRFIX DVD9 -REVEiLLE,Pirates of the Caribbean: Dead Man's Chest,73.394495412844
1992_Under.Siege.1992.1080p.Bluray.x264-Q.ENG,1992_Under Siege 1992 -Q,Under Siege,73.3333333333333
1990_Teenage.Mutant.Ninja.Turtles.1990.1080p.BluRay.x264-HDCLASSICS.ENG,1990_Teage Mutant Ninja Turtles 1990 -HDCLASSICS,Teenage Mutant Ninja Turtles,73.2394366197183
2014_X-Men.Days.of.Future.Past.2014.720p.BluRay.X264-AMIABLE,2014_X-M Days of Future Past 2014 -AMIABLE,X-Men: Days of Future Past,73.015873015873
1998_Theres.Something.About.Mary.1998.Extended.1080p.BluRay.x264.Codres.ENG,1998_Theres Something About Mary 1998 Extded Codres,There's Something About Mary,72.972972972973
1995_Ace.Ventura.When.Nature.Calls.1995.720p.BluRay.X264-AMIABLE,1995_Ace Vtura Wh Nature Calls 1995 -AMIABLE,Ace Ventura: When Nature Calls,72.463768115942
1983_National.Lampoons.Vacation.1983.720p.BluRay.DD1.0.x264-CtrlHD,1983_National Lampoons Vacation 1983 DD1 0 -CtrlHD,National Lampoon's Vacation,72.2222222222222
1997_Air.Force.One.1997.720p.BRrip.x264.YIFY,1997_Air Force One 1997 YIFY,Air Force One,72.2222222222222
1983_Staying.Alive.1983.DVDRip.XviD.AR - ENG,1983_Staying Alive 1983 AR -,Staying Alive,72.2222222222222
2011_Fast.Five.2011.720p.BluRay.x264.DTS-WiKi.eng,2011_Fast Five 2011 -,Fast Five,72.0
2007_The.Simpsons.Movie[2007]DvDrip.AC3[Eng]-aXXo,2007_The Simpsons Movie[2007] []-aXXo,The Simpsons Movie,72.0
2000_Erin Brokovich.2000.BluRay.1080p.x264-HQF.ENG,2000_Erin Brokovich 2000 -HQF,Erin Brockovich,71.7948717948718
1994_The.Flintstones.1994.720p.BluRay.x264-TRiPS,1994_The Flintstones 1994 -TRiPS,The Flintstones,71.4285714285714
1980_SW.Episode.5.The.Empire.Strikes.Back.1980.BluRay.1080p.DTSES6.1.x264-CHD.eng,1980_SW Episode 5 The Empire Strikes Back 1980 ES6 1 -CHD,Star Wars: Episode V - The Empire Strikes Back,71.4285714285714
1980_Kramer.vs.Kramer.BluRay.1080p.DTS.x264.dxva-EuReKA.ENG,1980_Kramer vs Kramer dxva-EuReKA,Kramer vs. Kramer,71.1111111111111
1986_The Color Purple_DVDrip_aviM720_DVD1_en,1986_The Color Purple aviM720 DVD1,The Color Purple,71.1111111111111
1997_The.Lost.World.Jurassic.Park.1997.m-HD.AAC.Roboris.eng,1997_The Lost World Jurassic Park 1997 m-HD AAC Roboris,The Lost World: Jurassic Park,70.8860759493671
1991_The.Addams.Family.1991.720p.BluRay.X264-AMIABLE,1991_The Addams Family 1991 -AMIABLE,The Addams Family,70.8333333333333
1989_Indiana.Jones.And.The.Last.Crusade.(1989).DVDRiP.XViD-DEiTY,1989_Indiana Jones And The Last Crusade (1989) -DEiTY,Indiana Jones and the Last Crusade,70.7317073170732
1996_Mission.Impossible.1996.720p.BluRay.DD.x264-ESiR.ENG,1996_Mission Impossible 1996 DD -ESiR,Mission: Impossible,70.5882352941176
2000_How.the.Grinch.Stole.Christmas.2000.REMASTERED.720p.BluRay.X264-AMIABLE,2000_How the Grinch Stole Christmas 2000 REMASTERED -AMIABLE,How the Grinch Stole Christmas,70.5882352941176
2008_Kung.Fu.Panda[2008]DvDrip-aXXo.en,2008_Kung Fu Panda[2008]-aXXo,Kung Fu Panda,70.2702702702703
1987_The.Witches.Of.Eastwick.1987.1080p.Bluray.X264-BRMP.ENG,1987_The Witches Of Eastwick 1987 -BRMP,The Witches of Eastwick,70.1754385964912
2018_Mission.Impossible.Fallout.2018.KORSUB.HDRip.x264-STUTTERSHIT,2018_Mission Impossible Fallout 2018 KORSUB -STUTTERSHIT,Mission: Impossible - Fallout,70.0
2013_Despicable.Me.2.2013.720p.BluRay.x264-VeDeTT,2013_Despicable Me 2 2013 -VeDeTT,Despicable Me 2,69.7674418604651
2007_Shrek.the.Third.(2007).DVDRip.AC3.XviD-UnSeeN,2007_Shrek the Third (2007) -UnSe,Shrek the Third,69.7674418604651
1983_SW.Episode.6.Return.of.the.Jedi.1983.BluRay.1080p.DTSES6.1.x264-CHD.eng,1983_SW Episode 6 Return of the Jedi 1983 ES6 1 -CHD,Star Wars: Episode VI - Return of the Jedi,69.6629213483146
2012_The.Hunger.Games.2012.720p.BluRay.x264.DTS-HDChina.eng,2012_The Hunger Games 2012 -HDChina,The Hunger Games,69.5652173913043
1986_Crocodile.Dundee.1986.720p.BluRay.X264-AMIABLE,1986_Crocodile Dundee 1986 -AMIABLE,Crocodile Dundee,69.5652173913043
2016_Zootopia.2016.720p.BluRay.x264-SPARKS,2016_Zootopia 2016 -,Zootopia,69.5652173913043
1989_Rain Man (1988).eng,1989_Rain Man (1988),Rain Man,69.5652173913043
2003_The.Matrix.Reloaded.2003.720p.HDDVD.DTS.x264-ESiR.ENG,2003_The Matrix Reloaded 2003 HDDVD -ESiR,The Matrix Reloaded,69.0909090909091
1997_My.Best.Friends.Wedding.1997.BDRip.X264-TLF,1997_My Best Frids Wedding 1997 BDRip -TLF,My Best Friend's Wedding,68.8524590163934
2010_despicable.me.dvdrip.xvid-imbt.en,2010_despicable me -imbt,Despicable Me,68.75
1982_Poltergeist.1982.1080p.BluRay.x264-iKA.ENG,1982_Poltergeist 1982 -iKA,Poltergeist,68.75
2009_The.Twilight.Saga.New.Moon.2009.Bluray.1080p.DTSMA.x264.dxva-FraMeSToR.ENG,2009_The Twilight Saga New Moon 2009 MA dxva-FraMeSToR,The Twilight Saga: New Moon,68.421052631579
1996_A.Time.To.Kill.1996.1080p.BluRay.x264-VOA,1996_A Time To Kill 1996 -VOA,A Time to Kill,68.421052631579
2012_amazingspiderman,2012_amazingspiderman,The Amazing Spider-Man,68.421052631579
1995_Batman. Forever. 1995. 1080p. BluRay. x264-CULTHD. ENG,1995_Batman Forever 1995 -CULTHD,Batman Forever,68.2926829268293
2014_The.Lego.Movie.2014.BluRay.720p.x264.DTS-HDWinG,2014_The Lego Movie 2014 -HDWinG,The Lego Movie,68.2926829268293
2004_The.Incredibles.2004.720p.BluRay.X264-AMIABLE.eng,2004_The Incredibles 2004 -AMIABLE,The Incredibles,68.1818181818182
2017_Despicable. Me. 3. 2017. 720p. BluRay. X264-AMIABLE,2017_Despicable Me 3 2017 -AMIABLE,Despicable Me 3,68.1818181818182
2006_Superman.Returns.2006.1080p.BluRay.x264-HANGOVER.ENG,2006_Superman Returns 2006 -HANGOVER,Superman Returns,68.0851063829787
2005_Wedding.Crashers.2005.UNRATED.1080p.BluRay.x264-CiNEFiLE.ENG,2005_Wedding Crashers 2005 UNRATED -,Wedding Crashers,68.0851063829787
2000_The.Perfect.Storm.2000.720p.BluRay.DDEX.x264-ESiR.ENG,2000_The Perfect Storm 2000 DDEX -ESiR,The Perfect Storm,68.0
2022_Sonic. the. Hedgehog. 2. 2022. 1080p. WEBRip. DDP5. 1. Atmos. x264-NOGRP,2022_Sonic the Hedgehog 2 2022 DDP5 1 -NOGRP,Sonic the Hedgehog 2,67.7966101694915
1982_E.T.The.Extra-Terrestrial.1982.720p.BluRay.X264-AMIABLE,1982_E T The Extra-Terrestrial 1982 -AMIABLE,E.T. the Extra-Terrestrial,67.6923076923077
2022_Avatar The Way of Water (2022) 1080p BluRay AVC REMUX DTS-HD_ENG,2022_Avatar The Way of Water (2022) AVC REMUX -HD,Avatar: The Way of Water,67.6470588235294
2023_The.Super.Mario.Bros.Movie.2023.1080p.MA.WEBRip.DDP5.1.Atmos.x264-CMaRioG,2023_The Super Mario Bros Movie 2023 MA DDP5 1 -CMaRioG,The Super Mario Bros. Movie,67.5324675324675
2018_Jumanji.Welcome.to.the.Jungle.2017.1080p.WEB-DL.DD5.1.H264-FGT,2018_Jumanji Welcome to the Jungle 2017 WEB-DL DD5 1 H264-FGT,Jumanji: Welcome to the Jungle,67.4418604651163
2013_The.Hunger.Games.Catching.Fire.2013.IMAX.EDITION.720p.BluRay.x264-PublicHD,2013_The Hunger Games Catching Fire 2013 IMAX EDITION -PublicHD,The Hunger Games: Catching Fire,67.4157303370787
2004_National.Treasure.2004.BluRay.1080p.DTS.x264.dxva-EuReKA.ENG,2004_National Treasure 2004 dxva-EuReKA,National Treasure,66.6666666666667
2009_Transformers.Revenge.of.the.Fallen.IMAX.Edition.2009.1080p.BluRay.DTS.x264-DON.ENG,2009_Transformers Reve of the Fall IMAX Edition 2009 -DON,Transformers: Revenge of the Fallen,66.6666666666667
2008_Quantum.Of.Solace[2008]DvDrip-aXXo.en,2008_Quantum Of Solace[2008]-aXXo,Quantum of Solace,66.6666666666667
1984_Police.Academy.1984.720p.BluRay.X264-AMIABLE,1984_Police Academy 1984 -AMIABLE,Police Academy,66.6666666666667
1977_The.Spy.Who.Loved.Me.1977.DVD5.720p.HDTV.x264-NBS.eng,1977_The Spy Who Loved Me 1977 DVD5 HDTV -NBS,The Spy Who Loved Me,66.6666666666667
1981_Stripes.1981.720p.BluRay.x264-CiNEFiLE,1981_Stripes 1981 -,Stripes,66.6666666666667
2010_timpe-inception,2010_timpe-inception,Inception,66.6666666666667
1988_Coming.To.America.1988.1080p.BluRay.x264-Japhson.ENG,1988_Coming To America 1988 -Japhson,Coming to America,66.6666666666667
1978_Jaws.2.ENG.25FPS,1978_Jaws 2 25FPS,Jaws 2,66.6666666666667
2010_How.to.Train.Your.Dragon.(2010).BDRip.AC3.XviD-CaLLiOpeD,2010_How to Train Your Dragon (2010) BDRip -CaLLiOpeD,How to Train Your Dragon,66.6666666666667
1985_The.Goonies.1985.720p.BluRay.DTS.x264-ESiR.ENG,1985_The Goonies 1985 -ESiR,The Goonies,66.6666666666667
2007_Ratatouille.2007.720p.BluRay.DTS.x264-ESiR.ENG,2007_Ratatouille 2007 -ESiR,Ratatouille,66.6666666666667
2004_The.Polar.Express.2004.BluRay.1080p.DTS.x264.dxva-EuReKA.ENG,2004_The Polar Express 2004 dxva-EuReKA,The Polar Express,66.6666666666667
2021_Spider-Man_No_Way_Home.2022.1080p.Bluray.DTS-HD.MA.5.1.X264-EVO,2021_Spider-Man No Way Home 2022 -HD MA 5 1 -EVO,Spider-Man: No Way Home,66.6666666666667
1979_The.Amityville.Horror.1979.Blu-ray.Re.x264.1080p.DTS-HDS.ENG,1979_The Amityville Horror 1979 Blu-ray Re -HDS,The Amityville Horror,66.6666666666667
1990_Die.Hard.2.1990.1080p.BluRay.x264-WPi.ENG,1990_Die Hard 2 1990 -WPi,Die Hard 2,66.6666666666667
1995_Die.Hard.With.A.Vengeance.1995.1080p.BluRay.x264-WPi.ENG,1995_Die Hard With A Veance 1995 -WPi,Die Hard with a Vengeance,66.6666666666667
1995_Crimson.Tide.1995.1080p.Bluray.x264-FSiHD.ENG,1995_Crimson Tide 1995 -FSiHD,Crimson Tide,66.6666666666667
1980_Any.Which.Way.You.Can.1980.XViD.5.1.AC3-ShitBusters.ENG,1980_Any Which Way You Can 1980 5 1 -ShitBusters,Any Which Way You Can,65.625
1998_Saving.Private.Ryan.720p.HDTV.Premiere.DTS.x264-ESiR,1998_Saving Private Ryan HDTV Premiere -ESiR,Saving Private Ryan,65.5172413793104
1991_Sleeping.with.the.Enemy.1991.720p.BluRay.x264-HD4U-eng,1991_Sleeping with theemy 1991 -HD4U-,Sleeping with the Enemy,65.4545454545455
2001_The.Mummy.Returns.2001.720p.Blu-ray.x264.AC3-CHD.ENG,2001_The Mummy Returns 2001 Blu-ray -CHD,The Mummy Returns,65.3846153846154
1977_Close.Encounters.of.the.Third.Kind.Collectors.Edition.1977.720p.BluRay.DTS.x264-ESiR.ENG,1977_Closecounters of the Third Kind Collectors Edition 1977 -ESiR,Close Encounters of the Third Kind,65.2631578947369
2016_The. Jungle. Book. 2016. 720p. BluRay. x264-AN0NYM0US,2016_The Jungle Book 2016 -AN0NYM0US,The Jungle Book,65.2173913043478
2009_Monsters Vs Aliens[2009]DvDrip-aXXo,2009_Monsters Vs Alis[2009]-aXXo,Monsters vs. Aliens,65.2173913043478
1991_Teenage Mutant Ninja Turtles 2,1991_Teage Mutant Ninja Turtles 2,Teenage Mutant Ninja Turtles II: The Secret of the Ooze,65.0602409638554
2016_Suicide.Squad.2016.EXTENDED.720p.BluRay.x264-SPARKS,2016_Suicide Squad 2016 EXTDED -,Suicide Squad,65.0
1991_City.Slickers.1991.1080p.X264.BluRay.X264-AMIABLE,1991_City Slickers 1991 -AMIABLE,City Slickers,65.0
1994_Forrest Gump_1994_DVDrip_aviM720_en,1994_Forrest Gump 1994 aviM720,Forrest Gump,64.8648648648649
2003_Finding.Nemo.720p.HDTV.DTS.x264-CtrlHD,2003_Finding Nemo HDTV -CtrlHD,Finding Nemo,64.8648648648649
2004_Spider-Man.2.1.2004.720p.BluRay.DTS.x264-ESiR.ENG,2004_Spider-Man 2 1 2004 -ESiR,Spider-Man 2,64.8648648648649
1990_Pretty.Woman.1990.720p.BluRay.x264-AVS720.eng,1990_Pretty Woman 1990 -AVS720,Pretty Woman,64.8648648648649
2007_Tranformers.2007.1080p.BluRay.DTS.x264-ESiR.ENG,2007_Tranformers 2007 -ESiR,Transformers,64.7058823529412
2005_Madagascar[2005]DvDrip-aXXo.en,2005_Madagascar[2005]-aXXo,Madagascar,64.5161290322581
2018_Ant Man and the Wasp 2018 New HDCAM-X264-Sexxy,2018_Ant Man and the Wasp 2018 New HDCAM--Sexxy,Ant-Man and the Wasp,64.5161290322581
2002_Spider-Man.2002.720p.BluRay.DTS.x264-ESiR.ENG,2002_Spider-Man 2002 -ESiR,Spider-Man,64.5161290322581
1988_Moonstruck.1987.DVDRip.XviD-Shoo.ENG,1988_Moonstruck 1987 -Shoo,Moonstruck,64.5161290322581
1981_History.Of.The.World.Part.I.1981.1080p.BluRay.x264-CiNEFiLE.ENG,1981_History Of The World Part I 1981 -,History of the World: Part I,64.5161290322581
2020_Sonic.The.Hedgehog.2020.720p.WEBRip.x264.AAC-.YTS.MX,2020_Sonic The Hedgehog 2020 AAC- YTS MX,Sonic the Hedgehog,64.1509433962264
1989_Parenthood (1989),1989_Parthood (1989),Parenthood,64.0
1994_The.Santa.Clause.1994.DVDRip.XviD.iNTERNAL-iLs,1994_The Santa Clause 1994 iNTERNAL-iLs,The Santa Clause,64.0
2014_Maleficent.2014.720p.BluRay.x264-SPARKS,2014_Malefict 2014 -,Maleficent,64.0
1989_Ghostbusters.II.1989.720p.BluRay.X264-AMIABLE-HI,1989_Ghostbusters II 1989 -AMIABLE-HI,Ghostbusters II,63.8297872340426
2020_Jumanji.The.Next.Level.2019.HC.720p.HDRip.800MB.x264-GalaxyRG,2020_Jumanji The Next Level 2019 HC 800MB -GalaxyRG,Jumanji: The Next Level,63.768115942029
2011_Transformers.Dark.Of.The.Moon.2011.BluRay.720p.DTS.x264-CHD.eng,2011_Transformers Dark Of The Moon 2011 -CHD,Transformers: Dark of the Moon,63.768115942029
1990_back.to.the.future.part.3.1990.720p.bluray.x264-nezu.eng,1990_back to the future part 3 1990 -nezu,Back to the Future Part III,63.4920634920635
1987_Lethal.Weapon.1.1987.1080p.BluRay.x264-CtrlHD.ENG,1987_Lethal Weapon 1 1987 -CtrlHD,Lethal Weapon,63.4146341463415
1993_Mrs.Doubtfire.1993.720p.BluRay.x264-SiNNERS,1993_Mrs Doubtfire 1993 -SiNNERS,Mrs. Doubtfire,63.4146341463415
2005_Batman.Begins.2005.1080p.HDDVD.x264-hV.ENG,2005_Batman Begins 2005 HDDVD -hV,Batman Begins,63.4146341463415
1985_Cocoon.1985.1080p.BluRay.x264-CiNEFiLE.ENG,1985_Cocoon 1985 -,Cocoon,63.1578947368421
1989_Dead Poets Society 1989 ENG 25fps SDH utf-8,1989_Dead Poets Society 1989 25fps SDH utf-8,Dead Poets Society,63.1578947368421
2016_Finding.Dory.2016.720p.BluRay.X264-AMIABLE,2016_Finding Dory 2016 -AMIABLE,Finding Dory,63.1578947368421
1984_Ghostbusters.1984.SE.DVDRip.XviD-UnSeeN.en,1984_Ghostbusters 1984 SE -UnSe,Ghostbusters,63.1578947368421
2001_Pearl.Harbor.2001.DVD9.720p.BluRay.x264-hV,2001_Pearl Harbor 2001 DVD9 -hV,Pearl Harbor,63.1578947368421
1980_The.Blues.Brothers.1980.EXTENDED.720p.BluRay.X264-AMIABLE,1980_The Blues Brothers 1980 EXTDED -AMIABLE,The Blues Brothers,63.1578947368421
2006_The.Da.Vinci.Code.2006.Extended.720p.BluRay.x264-BestHD.eng,2006_The Da Vinci Code 2006 Extded -BestHD,The Da Vinci Code,62.962962962963
2021_Shang-Chi. And. The. Legend. Of. The. Ten. Rings. 2021. 1080p. BluRay. x264-VETO,2021_Shang-Chi And The Legd Of The T Rings 2021 -VETO,Shang-Chi and the Legend of the Ten Rings,62.9213483146067
1986_Star Trek 04 Voyage Home 1986 1280x544.eng,1986_Star Trek 04 Voyage Home 1986 1280x544,Star Trek IV: The Voyage Home,62.6865671641791
2008_Madagascar-Escape.2.Africa[2008]DvDrip-aXXo.en,2008_Madagascar-Escape 2 Africa[2008]-aXXo,Madagascar: Escape 2 Africa,62.5
1992_Basic.Instinct.1992.720p.HDDVD.x264-ESiR,1992_Basic Instinct 1992 HDDVD -ESiR,Basic Instinct,62.2222222222222
1983_Trading.Places.1983.BluRay.1080p.DTS.x264.dxva-FTW-HD.ENG,1983_Trading Places 1983 dxva-FTW-HD,Trading Places,62.2222222222222
2006_X-Men.The.Last.Stand.PROPER.DVDRip.XviD-DoNEINGLES,2006_X-M The Last Stand PROPER -DoNEINGLES,X-Men: The Last Stand,62.0689655172414
1979_Moonraker. 1979. BluRay. 720p. x264. AC3-CMCT,1979_Moonraker 1979 -CMCT,Moonraker,62.0689655172414
1994_The.Lion.King.1994.720p.BluRay.DD5.1.x264-DON,1994_The Lion King 1994 DD5 1 -DON,The Lion King,61.90476190476191
2006_Over.The.Hedge[2006]DvDrip.AC3[Eng]-aXXo,2006_Over The Hedge[2006] []-aXXo,Over the Hedge,61.90476190476191
2005_War.of.the.Worlds.2005.mHD.Bluray.DD5.1.x264-EPiK.eng,2005_War of the Worlds 2005 mHD DD5 1 -EPiK,War of the Worlds,61.8181818181818
2023_Guardians.of.the.Galaxy.Vol.3.2023.1080p.WEB-DL.DDP5.1.Atmos.H.264-CMRG (v2),2023_Guardians of the Galaxy Vol 3 2023 WEB-DL DDP5 1 H 264-CMRG (v2),Guardians of the Galaxy Vol. 3,61.702127659574494
1996_Independence.Day.1996.1080p.BluRay.DTS.x264-HDME.ENG,1996_Indepdce Day 1996 -HDME,Independence Day,61.5384615384615
2001_Hannibal.2001.1080p.BluRay.x264-iKA.ENG,2001_Hannibal 2001 -iKA,Hannibal,61.5384615384615
1996_The.Nutty.Professor.1996.720p.DVD5.HDDVD.x264-hV.English,1996_The Nutty Professor 1996 DVD5 HDDVD -hVlish,The Nutty Professor,61.2903225806452
2003_Bad.Boys.II.2003.720p.BluRay.X264-AMIABLE,2003_Bad Boys II 2003 -AMIABLE,Bad Boys II,61.11111111111111
2001_Rush.Hour.2.2001.720p.BluRay.X264-AMIABLE,2001_Rush Hour 2 2001 -AMIABLE,Rush Hour 2,61.11111111111111
2008_devise-twilight.en,2008_devise-twilight,Twilight,60.8695652173913
2008_Hancock.720p.BluRay.x264-REFiNED.ENG,2008_Hancock -REFiNED,Hancock,60.8695652173913
1983_Risky.Business.1983.PROPER.1080p.BluRay.x264-TFiN.ENG,1983_Risky Business 1983 PROPER -TFiN,Risky Business,60.8695652173913
1990_Home.Alone.1990.1080p.BluRay.x264-HD1080.ENG,1990_Home Alone 1990 -HD1080,Home Alone,60.6060606060606
1997_Batman.and.Robin.1997.1080p.BluRay.x264-CULTHD.ENG,1997_Batman and Robin 1997 -CULTHD,Batman & Robin,60.4651162790698
2001_Harry.Potter.and.the.Philosophers.Stone.2001.720p.HDDVD.DTS.x264-ESiR.ENG,2001_Harry Potter and the Philosophers Stone 2001 HDDVD -ESiR,Harry Potter and the Sorcerer's Stone,60.2150537634409
1982_On.Golden.Pond.1981.720p.BluRay.x264-SiNNERS,1982_On Gold Pond 1981 -SiNNERS,On Golden Pond,60.0
1995_Apollo.13.1995.DVDRip.Xvid.AC3-GoRDo.ENG,1995_Apollo 13 1995 -GoRDo,Apollo 13,60.0
2004_The.Passion.Of.The.Christ.2004.DVDRip.AC3.XviD-OS.iLUMiNADOS.ENG,2004_The Passion Of The Christ 2004 -OS iLUMiNADOS,The Passion of the Christ,60.0
1978_The. Lord. Of. The. Rings. 1978. 720p. BluRay. x264-[YTS. AG]. eng,1978_The Lord Of The Rings 1978 -[YTS AG],The Lord of the Rings,59.6491228070176
2008_Iron.Man[2008]DvDrip-aXXo.en,2008_Iron Man[2008]-aXXo,Iron Man,59.2592592592593
1982_Star Trek 02 Wrath Of Khan 1982 1280x528.eng,1982_Star Trek 02 Wrath Of Khan 1982 1280x528,Star Trek II: The Wrath of Khan,59.1549295774648
1994_Clear.And.Present.Danger.1994.1080p.HDDVD.x264-hV.ENG,1994_Clear And Prest Danger 1994 HDDVD -hV,Clear and Present Danger,59.016393442623
1984_Star Trek 03 Search For Spock 1984 1280x544.eng,1984_Star Trek 03 Search For Spock 1984 1280x544,Star Trek III: The Search for Spock,58.974358974359
1992_waynes.world.1992.DVDRip.XviD.FBM.ENG,1992_waynes world 1992 FBM,Wayne's World,58.8235294117647
1990_The.Hunt.For.Red.October.1990.720p.HDDVD.x264-SiNNERS.ENG,1990_The Hunt For Red October 1990 HDDVD -SiNNERS,The Hunt for Red October,58.8235294117647
1990_Total.Recall.1990.BluRay.1080p.x264.DTS.dxva-xander.ENG,1990_Total Recall 1990 dxva-xander,Total Recall,58.5365853658537
1996_The.Birdcage.1996.720p.BluRay.X264-AMIABLE-HI,1996_The Birdcage 1996 -AMIABLE-HI,The Birdcage,58.5365853658537
2012_Skyfall.2012.720p.BluRay.x264-DAA.eng,2012_Skyfall 2012 -DAA,Skyfall,58.3333333333333
2022_Thor.Love.and.Thunder.2022.1080p.WEB-DL.DDP5.1.Atmos.H.264-EVO,2022_Thor Love and Thunder 2022 WEB-DL DDP5 1 H 264-EVO,Thor: Love and Thunder,58.3333333333333
1991_Terminator.2.Judgement.Day.Directors.Cut.1991.1080p.HDDVD.DTS.x264-hV.ENG,1991_Terminator 2 Judgemt Day Directors Cut 1991 HDDVD -hV,Terminator 2: Judgment Day,58.2278481012658
2018_Jurassic World Fallen Kingdom (2018) 720p English HDCAM-Rip - x264 - MP3 750MB,2018_Jurassic World Fall Kingdom (2018) lish HDCAM-Rip - - MP3 750MB,Jurassic World: Fallen Kingdom,58.0645161290323
1993_Jurassic.Park.TUC.1993.DVDRip.XviD.Subs.EN-UnSeeN,1993_Jurassic Park TUC 1993 Subs-UnSe,Jurassic Park,57.7777777777778
1981_For.Your.Eyes.Only.1981.REAL.REPACK.1080p.BluRay.x264-RoCKRioT.ENG,1981_For Your Eyes Only 1981 REAL REPACK -RoCKRioT,For Your Eyes Only,57.1428571428571
1991_The.Silence.Of.The.Lambs.1991.BluRay.1080p.DTS.x264.dxva-EuReKA.ENG,1991_The Silce Of The Lambs 1991 dxva-EuReKA,The Silence of the Lambs,57.1428571428571
1993_In.the.Line.of.Fire.1993.Blu-ray.720p.x264.DD51-HiS@SiLUHD.ENG,1993_In the Line of Fire 1993 Blu-ray DD51-HiS@SiLUHD,In the Line of Fire,56.7164179104478
2006_Casino.Royale.2006.DVD9.720p.BluRay.DTS.x264-REVEiLLE.ENG,2006_Casino Royale 2006 DVD9 -REVEiLLE,Casino Royale,56.5217391304348
2019_Toy.Story.4.2019.720p.HDCAM-1XBET,2019_Toy Story 4 2019 HDCAM-1XBET,Toy Story 4,56.4102564102564
2021_F9. The. Fast. Saga. 2021. THEATRICAL. 1080p. BluRay. x264-RUSTED,2021_F9 The Fast Saga 2021 THEATRICAL -RUSTED,F9: The Fast Saga,56.140350877193
1980_Private.Benjamin.1980.720p.HDTVRip.XviD.AC3-RARBG.eng,1980_Private Bjamin 1980 HDTVRip -RARBG,Private Benjamin,56.0
2001_Monsters.Inc.2001.BluRay.1080p.DTS.x264.dxva-EuReKA.ENG,2001_Monsters Inc 2001 dxva-EuReKA,"Monsters, Inc.",55.8139534883721
2021_Ghostbusters.Afterlife.2021.1080p.AMZN.WEB-DL.DDP5.1.H.264-EVO,2021_Ghostbusters Afterlife 2021 AMZN WEB-DL DDP5 1 H 264-EVO,Ghostbusters: Afterlife,55.6962025316456
1993_Cliffhanger.1993.Blu-ray.720p.x264.DTS-CHD.ENG,1993_Cliffhanger 1993 Blu-ray -CHD,Cliffhanger,55.0
1999_Toy.Story.2.1999.DVDRip.XviD-ShitBusters,1999_Toy Story 2 1999 -ShitBusters,Toy Story 2,55.0
1998_Good.Will.Hunting.1997.BluRay.1080p.DTS.h264.REMUX.dxva-EuReKA.ENG,1998_Good Will Hunting 1997 h264 REMUX dxva-EuReKA,Good Will Hunting,54.8387096774194
1984_Footloose dvd rip[eng]XviD.Rets.en,1984_Footloose dvd rip[] Rets,Footloose,54.5454545454545
2023_The.Little.Mermaid.2023.1080p.WEB-DL.DDP5.1.Atmos.H.264 (v3),2023_The Little Mermaid 2023 WEB-DL DDP5 1 H 264 (v3),The Little Mermaid,54.5454545454545
2012_The.Avengers.2012.DVDRip.X264.AC3-NYDIC,2012_The Avers 2012 -NYDIC,The Avengers,54.5454545454545
2007_I.Am.Legend[2007]DvDrip[Eng]-aXXo.en,2007_I Am Legd[2007][]-aXXo,I Am Legend,54.5454545454545
2003_X2 X-Men United 2003 Dvdrip Xvid Ac3.5.1Ch Cd1-Waf,2003_X2 X-M United 2003 5 1Ch Cd1-Waf,X2: X-Men United,54.1666666666667
2005_Mr.And.Mrs.Smith.2005.1080p.BluRay.x264-TiMELORDS.ENG,2005_Mr And Mrs Smith 2005 -TiMELORDS,Mr. & Mrs. Smith,54.1666666666667
1999_Runaway Bride (1999) [BluRay] [1080p] [YTS.AM].eng,1999_Runaway Bride (1999) [] [] [YTS AM],Runaway Bride,54.1666666666667
2006_Happy.Feet.2006.1080p.BD9.x264-IGUANA.ENG,2006_Happy Feet 2006 BD9 -IGUANA,Happy Feet,54.0540540540541
1999_The.Matrix.1999.720p.HDDVD.DTS.x264-ESiR.ENG,1999_The Matrix 1999 HDDVD -ESiR,The Matrix,54.0540540540541
2021_A.Quiet.Place.Part.II.2020.PROPER.1080p.WEB-DL.DDP5.1.Atmos.H264-CMRG,2021_A Quiet Place Part II 2020 PROPER WEB-DL DDP5 1 H264-CMRG,A Quiet Place Part II,53.8461538461539
1993_Sleepless In Seattle (1993).DVD.NonHI.pcc.en.TRSTR,1993_Sleepless In Seattle (1993) DVD NonHI pcc TRSTR,Sleepless in Seattle,53.7313432835821
1986_Ruthless.People.1986.German.DL.720p.HDTV.DD5.1.x264.eng,1986_Ruthless People 1986 German DL HDTV DD5 1,Ruthless People,53.5714285714286
1993_The.Fugitive.1993.Blu-ray.Re.x264.1080p.DTS-HDS.ENG,1993_The Fugitive 1993 Blu-ray Re -HDS,The Fugitive,53.33333333333329
1993_The.Firm.1993.720p.BluRay.X264-AMIABLE,1993_The Firm 1993 -AMIABLE,The Firm,53.33333333333329
1984_Gremlins. 1984. 1080p. Bluray. X264-DIMENSION. ENG,1984_Gremlins 1984 -DIMSION,Gremlins,53.33333333333329
1998_The.Waterboy.1998.INTERNAL.DVDRip.XViD-BeRRa,1998_The Waterboy 1998 INTERNAL -BeRRa,The Waterboy,53.33333333333329
1981_Bustin Loose (1981) - LordSadler,1981_Bustin Loose (1981) - LordSadler,Bustin' Loose,53.33333333333329
2010_Alice.In.Wonderland.2010.Bluray.1080p.DTSHD-MA.x264.dxva-FraMeSToR.ENG,2010_Alice In Wonderland 2010 HD-MA dxva-FraMeSToR,Alice in Wonderland,53.125
2017_Thor.Ragnarok.2017.720p.WEB-DL.H264.AC3-EVO,2017_Thor Ragnarok 2017 WEB-DL H264 -EVO,Thor: Ragnarok,53.0612244897959
2018_The.Incredibles.2.2018.HDTC.Versions,2018_The Incredibles 2 2018 HDTC Versions,Incredibles 2,53.0612244897959
1980_Coal Miners Daughter (1980) HDTV 2h 4m 8s @23.976fps.ENG-Hi,1980_Coal Miners Daughter (1980) HDTV 2h 4m 8s @23 976fps-Hi,Coal Miner's Daughter,52.6315789473684
1988_Beetle.Juice.1988.720p.BluRay.x264-REVEiLLE.ENG,1988_Beetle Juice 1988 -REVEiLLE,Beetlejuice,52.6315789473684
2013_Gravity.2013.BluRay.720p.x264.DTS-HDWinG,2013_Gravity 2013 -HDWinG,Gravity,51.8518518518519
2004_Shrek.2.2004.720p.BluRay.x264-MELiTE.eng,2004_Shrek 2 2004 -MELiTE,Shrek 2,51.8518518518519
2000_Meet.the.Parents.2000.HD-DVD-Rip.x264.1080p.DTS-de[42].ENG,2000_Meet the Parts 2000 HD-DVD-Rip -de[42],Meet the Parents,51.8518518518519
2015_Minions.2015.720p.BluRay.x264-GECKOS,2015_Minions 2015 -GECKOS,Minions,51.8518518518519
1980_Ordinary.People.1980.720p.WEB-DL.AAC2.0.H.264-BS.eng,1980_Ordinary People 1980 WEB-DL AAC2 0 H 264-BS,Ordinary People,51.7241379310345
2009_Star.Trek.2009.BluRay.1080p.DTS.x264.dxva-EuReKA.ENG,2009_Star Trek 2009 dxva-EuReKA,Star Trek,51.4285714285714
2022_Minions.The.Rise.Of.Gru.2022.1080p.AMZN.WEB-DL.DDP5.1.H.264-CMRG,2022_Minions The Rise Of Gru 2022 AMZN WEB-DL DDP5 1 H 264-CMRG,Minions: The Rise of Gru,51.219512195122
1993_Proposta.Indecente.[1993].DVDRip.WS.AC3.UnitedShare.ENG,1993_Proposta Indecte [1993] WS UnitedShare,Indecent Proposal,50.9090909090909
2023_Spider Man Across the Spider Verse 2023 1080p V3 NEW No Chew Edition HDTS Video X264 Will1869,2023_Spider Man Across the Spider Verse 2023 V3 NEW No Chew Edition H Video Will1869,Spider-Man: Across the Spider-Verse,50.877192982456094
2005_The.Chronicles.Of.Narnia.2005.BluRay.1080p.DTS.x264.dxva-EuReKA.ENG,2005_The Chronicles Of Narnia 2005 dxva-EuReKA,"The Chronicles of Narnia: The Lion, the Witch and the Wardrobe",50.4854368932039
1992_Aladdin.1992.1080p.BluRay.X264-AMIABLE,1992_Aladdin 1992 -AMIABLE,Aladdin,50.0
2003_TLOTR.The.Return.of.the.King.2003.Extended.BluRay.1080p.DTSES6.1.x264-CHD.eng,2003_TLOTR The Return of the King 2003 Extded ES6 1 -CHD,The Lord of the Rings: The Return of the King,50.0
2003_Chicago.2002.PROPER.1080p.BluRay.x264-LCHD.ENG,2003_Chicago 2002 PROPER -,Chicago,50.0
1998_dr_dolittle_engl,1998_dr dolittle l,Doctor Dolittle,50.0
2003_Bruce.Almighty.2003.[1280x694].23.976fps.720p.BRRip.x264-ENG,2003_Bruce Almighty 2003 [1280x694] 23 976fps -,Bruce Almighty,50.0
2000_Scary Movie 1 iNT DvD RiP- WaCkOs,2000_Scary Movie 1 iNT DvD RiP- WaCkOs,Scary Movie,50.0
1999_The.Mummy.1999.Blu-ray.720p.x264.DTS-CHD.ENG,1999_The Mummy 1999 Blu-ray -CHD,The Mummy,50.0
2013_Fast.And.Furious.6.2013.1080p.WEB-DL.H264-BLUEBIRD,2013_Fast And Furious 6 2013 WEB-DL H264-BLUEBIRD,Fast & Furious 6,50.0
1996_Twister.1996.720p.BluRay.x264-HALCYON,1996_Twister 1996 -HALCYON,Twister,50.0
2021_Black.Widow.2021.1080p.WEB.H264-TIMECUT,2021_Black Widow 2021 WEB H264-TIMECUT,Black Widow,50.0
1979_meatballs.1979.720p.bluray.x264-psychd-eng,1979_meatballs 1979 -psychd-,Meatballs,50.0
1997_Titanic.1997.720p.BluRay.X264-AMIABLE,1997_Titanic 1997 -AMIABLE,Titanic,50.0
2006_Talladega.Nights.1080p.BluRay.WMV-HD.BD9-KOADIC.ENG,2006_Talladega Nights WMV-HD BD9-KOADIC,Talladega Nights: The Ballad of Ricky Bobby,49.3506493506494
2000_What.Lies.Beneath.2000.720p.WEB-DL.DD5.1.H.264-ViGi,2000_What Lies Beath 2000 WEB-DL DD5 1 H 264-ViGi,What Lies Beneath,49.1803278688525
2019_Avengers Endgame 2019 NEW 720p HDCAM x264-iMaX,2019_Avers dgame 2019 NEW HDCAM -iMaX,Avengers: Endgame,48.9795918367347
1982_Indiana.Jones.And.The.Raiders.Of.The.Lost.Ark.(1981).DVDrip.Xvid-DEiTY,1982_Indiana Jones And The Raiders Of The Lost Ark (1981) -DEiTY,Raiders of the Lost Ark,48.7804878048781
2013_Man.Of.Steel.2013.720p.BluRay.x264-Felony,2013_Man Of Steel 2013 -Felony,Man of Steel,48.6486486486487
1987_Predator.1987.DVDRip.XviD.ShitBusters.ENG,1987_Predator 1987 ShitBusters,Predator,48.4848484848485
1994_The.Mask.1994.BluRay.1080p.DTS.x264.dxva-EuReKA.ENG,1994_The Mask 1994 dxva-EuReKA,The Mask,48.4848484848485
2022_Top.Gun.Maverick.2022.KORSUB.IMAX.1080p.WEBRip.AAC2.0.x264-SHITBOX,2022_Top Gun Maverick 2022 KORSUB IMAX AAC2 0 -SHITBOX,Top Gun: Maverick,48.4848484848485
2023_Ant.Man.And.The.Wasp.Quantumania.2023.1080p.WEB-DL.DDP5.1.Atmos.H.264-CMRG,2023_Ant Man And The Wasp Quantumania 2023 WEB-DL DDP5 1 H 264-CMRG,Ant-Man and the Wasp: Quantumania,48.421052631578895
2021_No.Time.to.Die.1080p.AMZN.WEB-DL.DDP5.1.H.264-CMRG,2021_No Time to Die AMZN WEB-DL DDP5 1 H 264-CMRG,No Time to Die,48.2758620689655
2011_POTC 4 - On Stranger Tides (2011) 720p BluRay AC3 x264 - AdiT.english,2011_POTC 4 - On Stranger Tides (2011) - AdiTlish,Pirates of the Caribbean: On Stranger Tides,48.2758620689655
2011_Cars.2.720p.BluRay.x264.REPACK-METiS.eng,2011_Cars 2 REPACK-METiS,Cars 2,48.0
1993_Few Good Men (1992).DVD.NonHI.pcc.en.CLMB,1993_Few Good M (1992) DVD NonHI pcc CLMB,A Few Good Men,48.0
1977_Oh God  Dvdrip Xvid-OlFa_English,1977_Oh God -OlFa lish,"Oh, God!",48.0
1998_Armageddon.1998.BluRay.1080p.DTSMA.x264.dxva-SuBoXoNe.ENG,1998_Armageddon 1998 MA dxva-SuBoXoNe,Armageddon,47.6190476190476
1983_Octopussy.1983.DVD5.720p.HDTV.x264-NBS.eng,1983_Octopussy 1983 DVD5 HDTV -NBS,Octopussy,47.3684210526316
2013_Frozen.2013.720p.BluRay.x264-SPARKS,2013_Froz 2013 -,Frozen,47.0588235294118
2007_Spider.Man.3.2007.1080p.BluRay.x264.YIFY,2007_Spider Man 3 2007 YIFY,Spider-Man 3,47.0588235294118
1977_The.Deep.1977.1080p.BluRay.4xRus.Eng.HDCLUB.ENG,1977_The Deep 1977 4xRus HDCLUB,The Deep,47.0588235294118
2015_Furious.Seven.2015.EXTENDED.720p.BluRay.x264-SPARKS,2015_Furious Sev 2015 EXTDED -,Furious 7,47.0588235294118
1977_The.exorcist.II.-.the.heretic.[shareprovider.com],1977_The exorcist II - the heretic [shareprovider com],Exorcist II: The Heretic,46.5753424657534
1990_Dick.Tracy.1990.DVDRip.INTERNAL.XviD-VH-PROD,1990_Dick Tracy 1990 INTERNAL -VH-PROD,Dick Tracy,46.5116279069768
1989_Batman.1989.720p.BluRay.x264-SiNNERS.ENG,1989_Batman 1989 -SiNNERS,Batman,46.1538461538462
1983_Mr. Mom. 1983. DVDRip. x264-NoRBiT,1983_Mr Mom 1983 -NoRBiT,Mr. Mom,46.1538461538462
1985_Fletch.1985.1080p.BluRay.x264-Japhson.ENG,1985_Fletch 1985 -Japhson,Fletch,46.1538461538462
1995_Casper.1995.720p.BluRay.X264-AMIABLE,1995_Casper 1995 -AMIABLE,Casper,46.1538461538462
2007_[HDTeam]El Ultimatum De Bourne[1080p-Bluray][Dual+Subs][By Devilmort].ENG,2007_[HDTeam]El Ultimatum De Bourne[-][Dual+Subs][By Devilmort],The Bourne Ultimatum,46.1538461538462
2021_Free.Guy.2021.BDRip.XviD.AC3-EVO.v2,2021_Free Guy 2021 BDRip -EVO v2,Free Guy,45.714285714285694
2010_Iron.Man.2.(2010).BDRip.AC3.XviD-CaLLiOpeD,2010_Iron Man 2 (2010) BDRip -CaLLiOpeD,Iron Man 2,45.4545454545455
1981_Endless.Love,1981_dless Love,Endless Love,45.4545454545455
2016_Rogue.One.2016.720p.BluRay.x264-SPARKS,2016_Rogue One 2016 -,Rogue One: A Star Wars Story,45.4545454545455
1992_Sister Act (1992)(includes lyrics),1992_Sister Act (1992)(includes lyrics),Sister Act,45.4545454545455
2018_The.Grinch.2018.1080p.WEB-DL.X264.DD5.1-SeeHD,2018_The Grinch 2018 WEB-DL DD5 1-SeeHD,The Grinch,45.4545454545455
1997_Face.Off.1997.1080p.BD9.OXiDE.ENG,1997_Face Off 1997 BD9 OXiDE,Face/Off,45.1612903225807
1980_Nine to Five,1980_Nine to Five,9 to 5,44.4444444444444
2008_TheDarkKnight_2008_DVD-NikonXp.EN,2008_TheDarkKnight 2008 DVD-NikonXp,The Dark Knight,44.4444444444444
2003_Terminator.3.2003.720p.HDDVD.x264-ESiR.ENG,2003_Terminator 3 2003 HDDVD -ESiR,Terminator 3: Rise of the Machines,44.4444444444444
1999_big. daddy. 1999. 720p. bluray. x264-amiable. EN,1999_big daddy 1999 -amiable,Big Daddy,43.75
2019_Joker.2019.720p.HC.HDRip.XviD.AC3-EVO,2019_Joker 2019 HC -EVO,Joker,43.4782608695652
1979_The.Jerk.1979.1080p.HDDVD.x264-FSiHD.ENG_HI,1979_The Jerk 1979 HDDVD -FSiHD HI,The Jerk,43.2432432432432
1996_The.Rock.1996.CRiTERiON.DVDRip.XviD.AC3-UnSeeN,1996_The Rock 1996 CRiTERiON -UnSe,The Rock,43.2432432432432
2000_Dinosaur.2000.PROPER.1080p.BluRay.x264-Japhson,2000_Dinosaur 2000 PROPER -Japhson,Dinosaur,43.2432432432432
2020_Dolittle.2020.HDRip.800MB.x264-GalaxyRG,2020_Dolittle 2020 800MB -GalaxyRG,Dolittle,43.2432432432432
1987_Fatal Attraction 1987 1080p BluRay Remux AVC TrueHD 5. 1 COMM-KESH. EN 23. 976,1987_Fatal Attraction 1987 Remux AVC TrueHD 5 1 COMM-KESH 23 976,Fatal Attraction,42.66666666666671
1984_Terms.of.Endearment.1983.720p.BluRay.X264-AMIABLE,1984_Terms ofdearmt 1983 -AMIABLE,Terms of Endearment,42.553191489361694
2022_The.Batman.2022.HDRip.850MB.c1nem4.x264-SUNSCREEN,2022_The Batman 2022 850MB c1nem4 -SUNSCRE,The Batman,42.553191489361694
1981_Superman.II.The.Richard.Donner.Cut.1980.720p.BluRay.x264.DTS-WiKi.eng,1981_Superman II The Richard Donner Cut 1980 -,Superman II,42.30769230769231
1986_Out.Of.Africa.1985.REMASTERED.720p.BluRay.DTS.x264-PublicHD,1986_Out Of Africa 1985 REMASTERED -PublicHD,Out of Africa,42.30769230769231
1991_Dances.With.Wolves.1990.Directors.Cut.BRRip.XviD.AC3-FLAWL3SS.fixed,1991_Dances With Wolves 1990 Directors Cut -FLAWL3SS fixed,Dances with Wolves,42.2535211267606
1994_True.Lies.1994.720p.DTheater.DD5.1.x264-EbP,1994_True Lies 1994 DTheater DD5 1 -EbP,True Lies,41.8604651162791
2002_Signs.2002.720p.BluRay.x264.DTS-HDChina.eng,2002_Signs 2002 -HDChina,Signs,41.66666666666671
2012_Brave.2012.720p.BluRay.x264.AC3-HDChina,2012_Brave 2012 -HDChina,Brave,41.66666666666671
2005_Hitch.2005.WS.DVDRiP.XViD-CCTV.en,2005_Hitch 2005 WS -CCTV,Hitch,41.66666666666671
2019_Spider-Man.Far.From.Home.2019.V3.1080p.NEW.HDTC.H264.AC3.ADDS.CUT.BLURRED.Will1869,2019_Spider-Man Far From Home 2019 V3 NEW HDTC H264 ADDS CUT BLURRED Will1869,Spider-Man: Far from Home,41.2371134020619
1978_Superman.1978.Special.Edition.720p.BluRay.x264.DTS-WiKi.eng,1978_Superman 1978 Special Edition -,Superman,41.025641025641
1983_WarGames.1983.1080p.BluRay.H264.AAC-RARBG.Hi,1983_WarGames 1983 H264 AAC-RARBG Hi,WarGames,41.025641025641
1988_Die.Hard.1988.Bluray.1080p.DTSMA.x264.dxva-FraMeSToR.ENG,1988_Die Hard 1988 MA dxva-FraMeSToR,Die Hard,41.025641025641
2002_Men.In.Black.II.2002.1080p.Blu-ray.AVC.DTS-HD.MA.5,2002_M In Black II 2002 Blu-ray AVC -HD MA 5,Men in Black II,40.7407407407408
1999_The.Sixth.Sense.1999.REMASTERED.720p.BluRay.x264-iLLUSiON,1999_The Sixth Sse 1999 REMASTERED -iLLUSiON,The Sixth Sense,40.7407407407408
2015_Inside.Out.2015.1080p.WEB-DL.AAC2.0.H264-RARBG,2015_Inside Out 2015 WEB-DL AAC2 0 H264-RARBG,Inside Out,40.0
2019_Frozen.II.2019.DVDScr.XVID.AC3.HQ.Hive-CM8,2019_Froz II 2019 DVDScr HQ Hive-CM8,Frozen II,40.0
2006_Cars.2006.BRRip.XviD.AC3.D-Z0N3,2006_Cars 2006 D-Z0N3,Cars,40.0
1985_Rambo Acorralado II (1985)1080p-Dual-momos-[.HDG].ENG,1985_Rambo Acorralado II (1985)-Dual-momos-[ HDG],Rambo: First Blood Part II,40.0
1978_Close.Encounters.of.the.Third.Kind.Collectors.Edition.1977.720p.BluRay.DTS.x264-ESiR.ENG,1978_Closecounters of the Third Kind Collectors Edition 1977 -ESiR,The Lord of the Rings,39.0243902439024
1999_[HDteam] Austin.Powers.La.Espia.que.me.Achucho.1999.[1080p].[BluRay].[x264].[Dual].[Subs]-by Ruben,1999_[HDteam] Austin Powers La Espia que me Achucho 1999 [] [] [] [Dual] [Subs]-by Rub,Austin Powers: The Spy Who Shagged Me,38.9830508474576
2002_[TLOTR]The.Two.Towers.CD1[2002][Special.Extended.Edition]DvDrip[Eng]-aXXo,2002_[TLOTR]The Two Towers CD1[2002][Special Extded Edition][]-aXXo,The Lord of the Rings: The Two Towers,38.3838383838384
2010_nedivx-shrek4.en,2010_nedivx-shrek4,Shrek Forever After,37.5
1978_Heaven.Can.Wait.1978.(El.Cielo.Puede.Esperar).DVDRip.XviD.MP3.Dual.ENG-ESP.English,1978_Heav Can Wait 1978 (El Cielo Puede Esperar) MP3 Dual-ESPlish,Heaven Can Wait,37.3333333333333
2018_Avengers Infinity War 2018 NEW PROPER HD-CAM 720p Hindi + English X264 CPG - KatmovieHD.Ney,2018_Avers Infinity War 2018 NEW PROPER HD-CAM Hindi + lish CPG - KatmovieHD Ney,Avengers: Infinity War,37.1134020618557
1994_Speed.1994.BluRay.1080p.DTS.x264.dxva-EuReKA.ENG,1994_Speed 1994 dxva-EuReKA,Speed,37.037037037037
2004_H.P.3-Prisoner.Of.Azkaban[2004]DvDrip-aXXo,2004_H P 3-Prisoner Of Azkaban[2004]-aXXo,Harry Potter and the Prisoner of Azkaban,36.8421052631579
1987_Platoon 1986 H264 Special Edition DVDRip,1987_Platoon 1986 H264 Special Edition,Platoon,36.734693877551
2009_Avatar.(2009).BDRip.AC3.XviD-D-Z0N3,2009_Avatar (2009) BDRip -D-Z0N3,Avatar,36.3636363636364
2000_Gladiator.EXTENDED.EDITION.2000.BluRay.1080p.DTS.x264.dxva-EuReKA.ENG,2000_Gladiator EXTDED EDITION 2000 dxva-EuReKA,Gladiator,36.0
1999_Walt Disney Tarzan(1999) XviD avi DVDrip,1999_Walt Disney Tarzan(1999) avi,Tarzan,35.2941176470588
1997_Men.In.Black.1997.1080p.Blu-ray.AVC.DTS-HD.MA.5.1-CHDBits.english,1997_M In Black 1997 Blu-ray AVC -HD MA 5 1-CHDBitslish,Men in Black,34.6153846153846
1982_Arthur.1981.DudleyMoore(Huey),1982_Arthur 1981 DudleyMoore(Huey),Arthur,34.2857142857143
2007_POTC 3 - At Worlds End (2007) 720p BluRay AC3 x264 - AdiT.english,2007_POTC 3 - At Worlds d (2007) - AdiTlish,Pirates of the Caribbean: At World's End,33.3333333333333
2021_Eternals.2021.1080p.WEB-DL.DDP5.1.H.264-EVO.v2,2021_Eternals 2021 WEB-DL DDP5 1 H 264-EVO v2,Eternals,33.3333333333333
2019_The.Lion.King.2019.BDRip.XviD.AC3-EVO,2019_The Lion King 2019 BDRip -EVO,The Lion King,32.4324324324324
1983_Flashdance.[Flashdance].1983.DVDRip.XviD.telumethar.eDonkers.cd1.ENG,1983_Flashdance [Flashdance] 1983 telumethar eDonkers cd1,Flashdance,32.258064516129
2019_Captain Marvel (2019).[720p HQ DVDScr - HQ Line Audios - [Hindi + Eng] - x264 - 950MB],2019_Captain Marvel (2019) [ HQ DVDScr - HQ Line Audios - [Hindi + ] - - 950MB],Captain Marvel,31.8181818181818
1979_Alien.1979.Directors.Cut.720p.BluRay.x264.DTS-WiKi.EN,1979_Ali 1979 Directors Cut -,Alien,31.1111111111111
1991_Home.Alone.1990.1080p.BluRay.x264-HD1080.ENG,1991_Home Alone 1990 -HD1080,Home Alone,30.7692307692308
1988_Big.1988.Extended.Edition.720p.BluRay.x264.YIFY.eng,1988_Big 1988 Extded Edition YIFY,Big,29.7872340425532
1986_Aliens.1986.Special.Edition.720p.BluRay.x264.DTS-WiKi.EN,1986_Alis 1986 Special Edition -,Aliens,28.5714285714286
2012_TED 2012 TS XViD - INSPiRAL,2012_TED 2012 TS - INSPiRAL,Ted,28.5714285714286
2009_Up.2009.480p.BRRip.XviD.AC3-ViSiON,2009_Up 2009 -ViSiON,Up,27.5862068965517
2009_Ice.Age.3 .R5.LINE.XviD-COALiTiON (Edited),2009_Ice Age 3 R5 LINE -COALiTiON (Edited),Ice Age 3,27.4509803921569
1992_ARG-LETHAL_WEAPON_3___1992__PALDVDRIP__XVID_MP3_ENG__A_RG,1992_ARG-LETHAL WEAPON 3 1992 PAL MP3 A RG,Lethal Weapon 3,26.865671641791
2010_Avatar.(2009).BDRip.AC3.XviD-D-Z0N3,2010_Avatar (2009) BDRip -D-Z0N3,Avatar,26.3157894736842
2019_Aladdin.2019.720p.WEB-DL.x264.AAC-BonsaiHD,2019_Aladdin 2019 WEB-DL AAC-BonsaiHD,Aladdin,26.0869565217391
1995_James.Bond.017-GoldenEye.UE.1995.Xvid.AC3.Subs.EN-ShitBusters,1995_James Bond 017-GoldEye UE 1995 Subs-ShitBusters,James Bond 007 â GoldenEye,25.974025974026
1980_SMOKEY AND THE BANDIT 2 (1980) 720p HDTV {solstars}-eng,1980_SMOKEY AND THE BANDIT 2 (1980) HDTV {solstars}-,Smokey and the bandit 2,25.8064516129032
2003_Elf.2003.BDRE.720p.x264.AC3-SiLUHD.ENG,2003_Elf 2003 BDRE -SiLUHD,Elf,25.0
1985_Beverly. Hills. Cop. 1984. 720p. BluRay. x264. DTS-WiKi. eng,1985_Beverly Hills Cop 1984 -,Beverly Hills Cop,25.0
2008_Wall-E[2008]DvDrip-aXXo.en,2008_Wall-E[2008]-aXXo,WALL-E,23.5294117647059
1992_A LEAGUE OF THEIR OWN [1992][MP3][DVDRIP-M333]-FLAWL3SS,1992_A LEAGUE OF THEIR OWN [1992][MP3][-M333]-FLAWL3SS,A League of Their Own,22.8571428571429
2000_X-Men ;[2000];[1080p];[Shadowl0rd].ENG,2000_X-M ;[2000];[];[Shadowl0rd],X-Men,22.2222222222222
1989_ARG-LETHAL_WEAPON_2_1989__PALDVDRIP__XVID_MP3_ENG__A_RG,1989_ARG-LETHAL WEAPON 2 1989 PAL MP3 A RG,Lethal Weapon 2,19.2307692307692
2012_MSAR. EN2,2012_MSAR 2,Madagascar 3: Europe's Most Wanted,15.3846153846154
2010_dmd-ts3,2010_dmd-ts3,Toy Story 3,15.3846153846154
2024_A.Quiet.Place.Day.One,2024_A.Quiet.Place.Day.One,A Quiet Place Day One,100.0
2024_Bad.Boys.Ride.Or.Die,2024_Bad.Boys.Ride.Or.Die,Bad Boys: Ride or Die,100.0
2024_Beetlejuice,2024_Beetlejuice,Beetlejuice,100.0
2024_Deadpool.and.Wolverine,2024_Deadpool.and.Wolverine,Deadpool and Wolverine,100.0
2024_Despicable.Me,2024_Despicable.Me,Despicable Me,100.0
2024_Dune.Part.Two,2024_Dune.Part.Two,Dune Part Two,100.0
2024_Ghostbusters.Frozen.Empire,2024_Ghostbusters.Frozen.Empire,Ghostbusters Frozen Empire,100.0
2024_Gladiator.II,2024_Gladiator.II,Gladiator II,100.0
2024_Godzilla.x.Kong.The.New.Empire,2024_Godzilla.x.Kong.The.New.Empire,Godzilla x Kong: The New Empire,100.0
2024_Inside.Out.2,2024_Inside.Out.2,Inside Out 2,100.0
2024_It.Ends.With.Us,2024_It.Ends.With.Us,It Ends With Us,100.0
2024_Kingdom.Of.The.Planet.Of.The.Apes,2024_Kingdom.Of.The.Planet.Of.The.Apes,Kingdom of the Planet of the Apes,100.0
2024_Kung. Fu. Panda. 4,2024_Kung. Fu. Panda. 4,Kung Fu Panda 4,100.0
2024_Moana.2,2024_Moana.2,Moana 2,100.0
2024_Mufasa.The.Lion.King,2024_Mufasa.The.Lion.King,Mufasa The Lion King,100.0
2024_Sonic The Hedgehog 3,2024_Sonic The Hedgehog 3,Sonic The Hedgehog 3,100.0
2024_The.Wild.Robot,2024_The.Wild.Robot,The Wild Robot,100.0
2024_Twisters,2024_Twisters,Twisters,100.0
2024_Venom. The. Last. Dance,2024_Venom. The. Last. Dance,Venom: The Last Dance,100.0
2024_Wicked_2024,2024_Wicked_2024,Wicked_2024,100.0
2025_A Complete Unknown,2025_A Complete Unknown,A Complete Unknown,100.0
2025_A. Minecraft. Movie,2025_A. Minecraft. Movie,A Minecraft Movie,100.0
2025_Captain.America.Brave.New.World,2025_Captain.America.Brave.New.World,Captain America Brave New World,100.0
2025_Dog.Man,2025_Dog.Man,Dog Man,100.0
2025_Mickey17,2025_Mickey17,Mickey 17,100.0
2025_Nosferatu,2025_Nosferatu,Nosferatu,100.0
2025_One.Of.Them.Days,2025_One.Of.Them.Days,One of Them Days,100.0
2025_Sinners,2025_Sinners,Sinners,100.0
2025_Snow.White,2025_Snow.White,Snow White,100.0
